scenario,trial_idx,seed,n_obstacles,goal_dist_init,success,collision,timeout,final_dist,min_dist,convergence_step,steps_taken,path_length,mean_dist,fz_mean,fz_max,fz_drift,min_obs_clearance,wall_time_s
open_field,0,0,0,12.951325053506295,False,False,True,242.346406388108,4.425984936418192,-1,1500,375.5188309076804,132.95466405241518,12.27241129207611,16.254608154296875,2.972275642382303,-1.0,36.57258642299712
open_field,1,1,0,7.353329764229493,False,False,True,189.85949940640438,1.5705109916316358,-1,1500,293.0316830500344,90.19748587150072,10.981902408281963,16.214923858642578,1.3090514731979366,-1.0,43.0129386579938
open_field,2,2,0,11.799239156844937,False,False,True,251.42208173504116,2.7673201498678037,-1,1500,298.83202327027846,90.09594823202193,12.624035025278728,16.203886032104492,2.9349076843770336,-1.0,33.11996489699959
open_field,3,3,0,15.891975914070649,False,False,True,279.08869952891564,9.393799297807066,-1,1500,303.260214865673,112.12421645517465,11.74382465616862,16.2049617767334,1.9524889822896314,-1.0,32.66329141500319
open_field,4,4,0,8.635377774563288,False,False,True,277.49259928392513,8.039544123844996,-1,1500,310.2442893547374,151.54497694306795,11.876851784706115,16.27083969116211,2.213161749738057,-1.0,32.08884987700003
open_field,5,5,0,11.94223660074834,False,False,True,518.3015748583089,11.94223660074834,-1,1500,523.1159134029473,180.05624301543088,12.59899215443929,16.221311569213867,3.2392406693522124,-1.0,32.85292225500598
open_field,6,6,0,3.439121384556198,True,False,False,0.49377234732782976,0.5225896654729267,102,111,3.2799503896704216,2.6668672032849505,11.533058450028703,12.529199600219727,1.8456501361056483,-1.0,2.4971456109997234
open_field,7,7,0,13.773457091893276,False,False,True,563.4508962597422,12.234460236991435,-1,1500,572.5753951144428,209.74000222826032,12.70037209224701,16.208942413330078,3.515650521532694,-1.0,31.56828134800162
open_field,8,8,0,3.9779910802440446,False,False,True,199.79743582184048,3.9081247777218286,-1,1500,255.59209130705625,52.30286344231908,12.390927633921306,16.231578826904297,2.7894742892456046,-1.0,32.402782361998106
open_field,9,9,0,11.174005965068185,False,False,True,203.40730975690138,5.353945916686821,-1,1500,296.3063124801704,87.29589231520768,10.097853069623312,16.186565399169922,1.6486781329218545,-1.0,33.97696313900087
open_field,10,10,0,8.979387008757445,False,False,True,298.68432620993855,0.9466726259866832,160,1500,344.1058460205152,124.69010469173558,11.766321548779805,16.194202423095703,2.2985331419245396,-1.0,32.34594115499931
open_field,11,11,0,13.34338651507858,False,False,True,133.87602439179466,7.672075763305701,-1,1500,227.70597807325026,80.17606834866399,12.863115342458089,16.18993377685547,3.0744646662394195,-1.0,33.33954098899994
open_field,12,12,0,15.398440893060787,False,False,True,503.9512000185435,15.323254007745728,-1,1500,512.2215458658878,182.72494128978795,12.600577427864074,16.191879272460938,3.351605884412129,-1.0,32.69784084999992
open_field,13,13,0,11.925716655838503,False,False,True,322.3346768083581,11.925632224189048,-1,1500,364.3662725990683,105.33136950394426,12.494263600667317,16.229869842529297,2.6928551283772775,-1.0,33.28384328200627
open_field,14,14,0,10.307654091072974,False,False,True,221.0289781034334,8.969778948377343,-1,1500,276.80489384408855,90.47381162973511,12.056424237887065,16.102127075195312,2.5197165927505485,-1.0,33.93075349600258
open_field,15,15,0,16.920365400257854,False,False,True,439.5021156342698,16.920365400257854,-1,1500,444.50712233656645,159.27618774078252,12.50744413248698,16.214797973632812,3.259726019744872,-1.0,33.810983322997345
open_field,16,16,0,9.600290633382665,False,False,True,318.4951441138784,1.0739205229884614,-1,1500,355.13295189918216,134.98635860809628,12.113920331954956,16.19150161743164,2.3260874591827383,-1.0,33.568055065996305
open_field,17,17,0,7.083838435824467,True,False,False,0.4783155326004024,0.5893801221866112,182,186,6.757134052320255,5.656034962602738,11.220866895491078,12.966028213500977,1.481921868067915,-1.0,4.03106707999541
open_field,18,18,0,12.913081459587064,False,False,True,106.99706593995445,12.913081459587064,-1,1500,194.48354726657305,49.50038081207307,11.844470086415608,16.210237503051758,2.03602986831665,-1.0,32.566451403996325
open_field,19,19,0,17.562578236560462,False,False,True,167.34458203781244,17.562574037846506,-1,1500,236.19692442408945,56.297501092380095,12.034320567448933,16.172998428344727,2.234529239323933,-1.0,33.26082176800264
sparse,0,20,2,3.3973072685487433,False,False,True,382.86162676762495,0.5951990283307154,105,1500,400.3706022859452,165.37417284760656,11.056057481129963,16.18770408630371,1.887551590321858,7.632920800896825,34.298900682995736
sparse,1,21,2,10.43294243402582,False,False,True,193.48457862834206,10.432912962091056,-1,1500,271.0481409818832,74.68480844693848,11.921304196675619,16.194578170776367,2.135977467753092,7.279938517697515,32.662632940999174
sparse,2,22,2,10.64308851381817,False,False,True,163.20418945845043,10.64308851381817,-1,1500,254.6002632224376,56.106314533373485,11.555667304992676,16.158954620361328,1.7473681310526523,0.2842655896814388,33.80666535400087
sparse,3,23,2,15.467019542565543,False,True,False,11.976643454828631,11.994251537518535,-1,160,8.863003797061165,14.270781442934231,11.814612352848053,12.787099838256836,2.004612352848052,0.10564134860108532,3.4820165209966945
sparse,4,24,2,5.2919209440795,False,False,True,308.87613331228835,3.679454322649589,-1,1500,352.0021319901299,91.42030358631943,11.316846237182617,15.983057022094727,1.736308879903157,1.1776977199906886,31.563682564003102
sparse,5,25,2,7.438770049135897,False,False,True,176.49623638727059,7.438770049135897,-1,1500,217.0135463526667,86.32257845086613,11.300577243804932,16.1918888092041,1.5077884230041496,3.8001810030210077,31.985291737000807
sparse,6,26,2,12.785792297146033,False,False,True,378.6347542693662,2.8879429058952764,-1,1500,422.01851417265823,152.62010941520595,11.817229731559753,16.23165512084961,2.1532594771194455,1.3044915213182835,31.64310400300019
sparse,7,27,2,11.53244030977195,False,False,True,318.67934497203925,1.821617897998526,-1,1500,336.83521217760057,129.388802856705,10.070890327771505,15.498552322387695,1.7312709906895953,2.9838223860951727,32.001741192994814
sparse,8,28,2,17.14065630151879,False,False,True,380.4619873516773,17.140579011294307,-1,1500,398.2415324575022,140.85675129448842,11.960633992830912,16.186429977416992,2.5422265975824985,5.643475849649439,31.73617770200508
sparse,9,29,2,10.550353729929217,False,False,True,378.67572497964443,10.550353729929217,-1,1500,383.95616187852124,176.28216109818337,11.83565079053243,16.21475601196289,2.4418301504262283,9.064391701323954,32.267097611998906
sparse,10,30,2,4.35111548336279,False,False,True,405.68221515486385,1.248120911770168,-1,1500,420.43280816648183,159.69066559142055,10.653308751424154,16.249723434448242,1.7851128166198729,0.768275874000208,31.75449874399783
sparse,11,31,2,9.317078730598443,False,False,True,149.6575904122023,9.317078730598443,-1,1500,217.45648021080171,82.60894304432458,10.917253460248311,14.766117095947266,1.2492841464106237,4.01367742983993,31.594965067000885
sparse,12,32,2,6.608785344821004,False,False,True,550.7002496543712,2.7755970625024005,-1,1500,561.0347941700811,199.81011331233265,12.407697930335999,16.235458374023438,3.6132496014531448,8.115318451683617,32.24153065300197
sparse,13,33,2,11.215566460952596,False,False,True,328.6145577457825,1.919283258700594,-1,1500,356.8485744375244,113.62885641521049,12.14482818921407,16.21938705444336,2.709739276657104,1.7487571554266235,32.85953192799934
sparse,14,34,2,6.5077356559311195,False,True,False,4.5341498957141555,2.7920813836704133,-1,161,9.14784299195665,4.9233201262039135,12.010625193578116,16.213953018188477,2.2808923583889595,0.022942389733747515,3.604958516996703
sparse,15,35,2,15.42651918190435,False,False,True,248.77900469217326,10.013510249696315,-1,1500,273.0916131047482,70.05107055678319,12.290908900896708,16.19174575805664,2.5189652385584504,6.187990091278879,32.11575242099934
sparse,16,36,2,14.264358013914014,False,True,False,4.221966502855053,4.304735951069156,-1,187,10.681604537746868,11.304962216390471,11.43341335255832,12.688018798828125,1.625222044960062,0.04159272475443332,4.19133954699646
sparse,17,37,2,12.729805706227037,False,False,True,231.62143785509474,1.5860965288299913,-1,1500,358.95708682069073,114.7723744918556,11.236119346300761,16.140357971191406,1.5255619622929886,4.903570720357411,32.06223986999976
sparse,18,38,2,9.015049409441241,False,False,True,137.49117613137105,7.38201649184912,-1,1500,227.37391854872476,44.61078134392664,12.322941770553589,16.220272064208984,2.5140769044240305,2.765070915764269,32.33971350700449
sparse,19,39,2,8.674155270739368,False,False,True,307.66120437142945,6.149793656305887,-1,1500,335.70435767201843,126.2907262734963,12.035672810236614,16.212400436401367,2.5154377436574293,4.666114923486828,32.058182863002
moderate,0,40,4,13.365761618829213,False,False,True,300.4020802050413,13.365761618829213,-1,1500,323.91583673676547,130.4874156698574,11.956647859891255,16.18242835998535,2.220072689882913,0.4056252749819804,31.89396385299915
moderate,1,41,4,16.605665454084836,False,True,False,12.558589634884001,12.648588444859561,-1,118,4.231790944324572,15.569184643223261,11.588776693505755,12.726662635803223,1.7920041692054867,0.025719547257522457,2.5698997899962706
moderate,2,42,4,5.439893902156912,False,False,True,440.085071525521,5.2075296664195845,-1,1500,455.178307360566,171.46550516528197,12.43895168876648,16.222591400146484,2.681023910090128,5.210318110930312,32.96926936900127
moderate,3,43,4,20.322257510147306,False,False,True,253.27936491438908,14.286274263838948,-1,1500,308.2560653615758,106.46337339778574,11.745431560834248,16.2269287109375,2.01173366174062,2.5153853199552882,31.522871856002894
moderate,4,44,4,15.307867030299896,False,False,True,202.59583177017456,4.062638749419618,-1,1500,281.65391593888273,68.21942027959835,11.0844356285731,16.000553131103516,1.7224849231338497,0.3223402424519072,32.27016758900572
moderate,5,45,4,6.82644475736796,False,False,True,389.32218866717983,6.82644475736796,-1,1500,400.66773980176515,163.6378286965181,10.911100821812948,16.17117691040039,1.6651577265675856,1.3714297685970664,31.81705034699553
moderate,6,46,4,16.701469003007503,False,False,True,343.788288998077,16.694770482337464,-1,1500,340.0921076059976,130.10002651797646,12.267332963307698,16.146177291870117,2.4642995708719884,8.038459270714325,32.728011035003874
moderate,7,47,4,14.127227003501725,False,False,True,160.59692753078411,14.127227003501725,-1,1500,240.46971907421835,40.25348221193942,11.4313252770106,16.148189544677734,1.6512914772923781,1.7774072422967877,32.38049343699822
moderate,8,48,4,3.2029177280093313,False,False,True,97.44790668581645,2.490814576727856,-1,1500,166.5991348309705,49.182990698477894,11.923477164586386,16.21187400817871,2.116242457605997,3.3814541834573664,32.0027637029998
moderate,9,49,4,12.989201717960027,False,False,True,317.29067057573354,8.7742734030464,-1,1500,333.85435936574856,147.9626469119898,12.409614177068075,16.223590850830078,2.642032361424763,1.3624209540002097,31.925260836003872
moderate,10,50,4,5.54643543399342,True,False,False,0.40732151999598587,0.500285769419776,132,138,5.262956029124904,4.293676156784593,11.610345411991727,15.409290313720703,1.9559301061215604,8.349306009248497,3.149187097995309
moderate,11,51,4,13.85420335335109,False,False,True,361.8599379542457,1.938799042926446,-1,1500,383.85994943483036,140.74795304279158,11.994515811284383,16.202043533325195,2.3089677473704016,0.7022319243150581,31.899920308998844
moderate,12,52,4,11.518624007868002,False,True,False,21.69803010348595,11.518619928448457,-1,931,97.88154598826038,28.944679945606875,12.03262728497498,16.202617645263672,2.223290894382365,0.03012727395371917,19.95489699800237
moderate,13,53,4,7.701229660771011,False,False,True,283.4348379886771,5.45581841115487,-1,1500,302.7901974602022,104.17403101495553,12.670422787348429,16.21508026123047,3.147239595108031,0.04811771371929541,31.895632503001252
moderate,14,54,4,3.089052646853561,True,False,False,0.4821907825380657,0.5549524431248462,98,105,2.629771234075873,2.4707343773343755,11.49430787222726,15.621088027954102,1.8729582810174845,1.140748817679645,2.30868627900054
moderate,15,55,4,17.744448287445866,False,False,True,303.5303328891623,13.57032348651441,-1,1500,331.66161331258917,131.252683718458,11.066040411949158,16.152671813964844,1.5807443422826126,2.063661217172679,31.655453120998573
moderate,16,56,4,15.042614572251207,False,True,False,18.343492021464158,6.60780816455152,-1,561,55.62754752359402,11.859457051795205,11.495830534188718,12.874402046203613,1.6882161381495397,0.00387104164527563,11.794210019994352
moderate,17,57,4,4.052259868720521,False,False,True,156.83222757963517,4.052259868720521,-1,1500,295.1124109425301,70.65996058620598,10.774595673243205,12.561598777770996,1.2019968655141189,2.911671069579712,32.86043082600372
moderate,18,58,4,13.492829232653882,False,False,True,335.0450267755244,13.492749354726085,-1,1500,359.4571183161047,136.64038801779088,13.00648987897237,16.220333099365234,3.2435515247344964,0.10462254784124747,31.766251568005828
moderate,19,59,4,13.006622677261305,False,False,True,328.53060957784857,10.466974062675217,-1,1500,359.83624530992086,130.44054949574422,11.69441141573588,16.213729858398438,1.949611431808471,0.19728275619910962,33.22938434899697
dense,0,60,6,20.00697887263867,False,False,True,384.55728430474824,18.079143578755012,-1,1500,404.0836134567799,174.19856668298536,11.899171442349752,16.20682144165039,2.167203207613626,3.511152770323667,31.542370520000986
dense,1,61,6,6.066734193574265,False,False,True,156.13385608026914,0.5605287521522663,150,1500,244.11809132804723,91.48492537490847,12.046910042444864,16.22684097290039,2.2370882761383046,1.7130687610572113,31.531356152001536
dense,2,62,6,9.816204850289015,False,False,True,243.78822370734983,9.816204850289015,-1,1500,304.3783866475294,115.27284994743883,12.338396216392518,16.21364974975586,2.6321580944188425,3.081654919639706,31.55032089300221
dense,3,63,6,12.152279575818378,False,False,True,194.8616966388044,11.05287503180359,-1,1500,298.5025437915406,111.63421199608948,11.402581605275472,16.151355743408203,1.6363806569925936,1.0795625539385885,32.53095366599882
dense,4,64,6,18.027061226015867,False,True,False,11.080103804686477,11.188803894152388,-1,148,7.2432461113263935,16.147704998802105,11.780035553751764,13.238399505615234,1.9743564030930796,0.007029864465516011,3.2415517379995435
dense,5,65,6,8.742315821699332,False,False,True,81.44345466689363,1.8027331769001307,-1,1500,141.41058244265326,46.719214815435016,13.078767031351726,16.26044273376465,3.2805584721374506,0.8961805316644731,32.65740159399866
dense,6,66,6,17.071147333704186,False,False,True,98.33955267916498,0.6962362217484886,230,1500,292.4103520226458,92.62189435993335,12.207987593332927,16.12436866760254,2.414449520772297,1.722345649986738,32.98692054000276
dense,7,67,6,3.946359765367678,False,False,True,98.68352054278961,3.0284436101928747,-1,1500,207.4640487640514,63.58990618277805,11.753047549883524,16.191316604614258,2.2084715306727083,3.3848191383406463,32.74652374499419
dense,8,68,6,5.834442233879821,False,False,True,347.3307624377716,2.461575406888924,-1,1500,364.42451024820105,155.9520354238127,12.22946398862203,16.235576629638672,2.4324226168568925,0.8104405874493396,33.195776713997475
dense,9,69,6,7.048885118846889,False,False,True,460.4280609314162,4.154511552412261,-1,1500,471.97699790272236,156.2484276245556,12.30036447906494,16.19510269165039,3.112990946502685,5.149908288074303,32.87394521999522
dense,10,70,6,4.968310757035168,False,False,True,186.60745990783437,4.254482496784694,-1,1500,249.30643692465108,104.47203823805513,11.103235756556193,16.197389602661133,1.4574628957366937,0.2072720411002088,33.46548570099549
dense,11,71,6,10.375487184411979,False,False,True,105.6417954791656,2.800343741186469,-1,1500,226.12594661801006,51.12744423292774,12.406669273376465,16.23522186279297,2.6283742755126944,0.9103928354572971,31.749183254003583
dense,12,72,6,12.317081337890915,False,True,False,4.283876102197509,2.535366789093001,-1,216,15.653957958625025,8.246202575766276,11.805130243301392,12.965133666992188,2.0160842235000036,0.09156885714556218,4.796208412997657
dense,13,73,6,14.353309328985299,False,False,True,390.6482060678099,11.673648430370749,-1,1500,408.2286733920041,174.21383184407938,10.923249028523763,16.229183197021484,1.9416719271850582,4.543985101797925,32.4256235569992
dense,14,74,6,5.274786585507026,False,True,False,11.120291730358268,1.3211491773136335,-1,220,16.49921997847842,4.605525087514772,11.573552610657432,14.455558776855469,1.9006387199922032,0.030569396526607062,4.6831550170027185
dense,15,75,6,13.936141995077758,False,True,False,11.95820317812151,5.156133575379346,-1,745,68.82733259640003,14.995416656764435,11.92565756804191,16.221481323242188,2.1186982508409735,0.1445674986747847,16.11321217299701
dense,16,76,6,5.844390400626899,False,False,True,281.3172324551478,5.844390400626899,-1,1500,295.8782189489246,127.98065507158603,13.013102796554566,16.232582092285156,3.4638771838124582,3.630448537914801,31.87258340799599
dense,17,77,6,11.67525306305996,False,True,False,5.5473813995353884,4.0525599504258585,-1,219,15.636239364871406,8.14284638730871,11.801018571200435,12.679190635681152,1.9912083790400248,0.04186135265582547,5.2001244540006155
dense,18,78,6,6.973213784148396,False,False,True,339.0445316214589,6.973213784148396,-1,1500,359.81782157880343,145.08746166869096,11.859993296941122,16.22227668762207,2.346762057164509,0.07409506961438517,32.78477763499541
dense,19,79,6,16.67772065093849,False,False,True,434.0716881203936,1.09992928747088,-1,1500,456.9508127435805,156.39321614962353,11.17194820022583,16.09968376159668,1.7210734315490717,3.4132220415631753,32.71873728100036
narrow_corridor,0,80,4,18.131839933198936,False,False,True,511.9023765923768,18.1219625416825,-1,1500,499.1558912511701,193.6707361826898,12.220347577730815,16.19745635986328,3.524744369392394,7.70580482989089,31.911883888999
narrow_corridor,1,81,4,12.449601817297237,False,False,True,304.9180720375612,7.746902620762591,-1,1500,320.9696924049164,102.79297955136923,12.08372563457489,16.22174072265625,2.3277258367284133,2.1014902806409292,32.67261594899901
narrow_corridor,2,82,4,15.799242599768451,False,False,True,318.91939174580534,1.854207305318767,-1,1500,348.4146263013083,119.89500776353816,10.67062270673116,16.217390060424805,2.1349358966827388,2.1508000160619725,31.991314794999198
narrow_corridor,3,83,4,8.169993540594973,False,False,True,316.96137223524704,6.982369467706283,-1,1500,340.7184602292255,157.78879421897253,13.065301994641622,16.241247177124023,3.62771776620229,1.6111245042819904,32.66502594400663
narrow_corridor,4,84,4,10.61947412646368,False,True,False,6.652338804400924,6.736377991244735,-1,119,4.34558685055415,9.586060536053685,11.692812310547389,13.2387056350708,1.8868265690523027,0.049623323422575916,2.665558239998063
narrow_corridor,5,85,4,8.372597820712198,True,False,False,0.4667746223599614,0.5822681737667194,193,197,8.05326519030028,6.478203959190817,11.085651654277356,13.042654037475586,1.3914485906223346,0.4926565087374699,4.25888487699558
narrow_corridor,6,86,4,3.9437979741005638,False,False,True,351.33158752451135,3.9406830101729424,-1,1500,368.8450089849032,131.93959183827153,11.967050237337748,16.188457489013672,2.4618751142756135,1.258751709897962,31.14780586899724
narrow_corridor,7,87,4,10.006359897881365,False,False,True,187.60872953101472,8.082236203916434,-1,1500,265.8851628639326,73.09747886413287,11.723409744262696,16.209333419799805,2.306004252115885,1.581093753725711,32.48501693500293
narrow_corridor,8,88,4,9.649534033710676,False,True,False,4.3763674278891385,4.4243191624056175,-1,163,5.847927016349961,8.127254441463705,11.5604689486919,16.143054962158203,1.7793438049035564,0.07941424461198154,3.779278121997777
narrow_corridor,9,89,4,15.323811583103904,False,False,True,460.103818736138,12.546011131051328,-1,1500,472.76061360238526,194.99826556326678,12.471971423149109,16.209699630737305,2.7074455486424753,3.4702318266851186,32.64115100700292
narrow_corridor,10,90,4,6.027590951470971,False,True,False,4.37835914221858,4.426824280413209,-1,92,2.10449226122157,5.612945434478064,10.983877586281817,12.338618278503418,1.2111429865463916,0.02683678352804819,2.0268490790040232
narrow_corridor,11,91,4,16.360059979180935,False,False,True,388.00449595872465,6.250175896919784,-1,1500,416.5615366441658,127.56453116124577,12.503174165407817,16.23724365234375,3.108714980608621,0.5757785103757982,32.03964810799516
narrow_corridor,12,92,4,7.1892658076858975,False,True,False,5.293795844185161,5.348623041682066,-1,129,2.296517803201676,6.805587171279382,10.91291182909825,12.558967590332031,1.2023063343255092,0.0415207117796802,2.823420108004939
narrow_corridor,13,93,4,10.743606789019534,False,True,False,6.80981523961961,6.896870482502964,-1,118,4.167059747918805,9.736883044630309,11.625522718591204,13.047319412231445,1.8224786360789147,0.017201019764066405,2.4065610129982815
narrow_corridor,14,94,4,17.7156098914366,False,False,True,87.22903384289931,12.774140179787297,-1,1500,253.67988156256894,46.5044327743307,11.809299343109132,16.204917907714844,2.234312307739257,2.3721849316020505,31.924774598999647
narrow_corridor,15,95,4,12.379305151959027,False,False,True,494.45448478821055,12.379305151959027,-1,1500,509.84405797022214,178.5145981431126,12.507951469103496,16.220718383789062,2.9512623505783075,5.642136042745877,32.36861423699884
narrow_corridor,16,96,4,6.076033801447557,False,False,True,331.27483208143695,5.853321035144785,-1,1500,376.7125840307154,141.24444525249353,11.466966771443685,16.119983673095703,1.8009689884440099,1.3378548792634029,32.80743859500217
narrow_corridor,17,97,4,11.35314052544777,False,False,True,380.2341901670755,9.982438699257576,-1,1500,395.5006184650883,170.52797998589566,11.620950891176859,16.18596649169922,2.1205608189264926,2.8098598188782917,33.89841340899875
narrow_corridor,18,98,4,20.71965074239572,False,False,True,372.3787362843447,15.802097482309595,-1,1500,406.2267976763519,150.52699495195242,11.402138736406963,16.18833351135254,2.2792749878565464,5.67871919785992,36.74653630299872
narrow_corridor,19,99,4,8.142745586183084,False,False,True,331.6747958316896,7.1826890910525405,-1,1500,358.7281355329864,153.7112180432286,11.788852401733399,16.228050231933594,2.00724244064331,1.9661984405361326,32.652218896000704
gap_navigation,0,100,4,15.552761480708913,False,False,True,292.6725679210543,12.000379427108157,-1,1500,326.2858860655536,130.28458232571452,12.056442409833272,16.222145080566406,2.5587352709833775,4.436636676112059,32.29046997200203
gap_navigation,1,101,4,5.619680743142787,False,True,False,3.868041254308585,3.9195422321315894,-1,184,2.7831742484224566,5.347640402299826,10.713002370751422,15.374428749084473,0.9667042989316189,0.05029347064215883,4.146889587995247
gap_navigation,2,102,4,14.477970277708181,False,False,True,191.047393110095,14.477970277708181,-1,1500,360.65029519904033,85.08769608197365,10.613167092323303,16.178682327270508,1.3112489167404169,6.537087701632392,33.328540205002355
gap_navigation,3,103,4,12.98297411702254,False,False,True,268.8483539033005,12.19314917160595,-1,1500,325.2198199433393,128.39668335268172,10.318461848258972,16.04576873779297,1.5236098202387487,4.431577973854894,32.622470941001666
gap_navigation,4,104,4,16.83646433995595,False,False,True,353.87241864964585,12.908586357357354,-1,1500,374.237708851595,141.23081087351918,9.458376781781514,16.207557678222656,2.317167828356425,4.4583471015557805,32.683838510994974
gap_navigation,5,105,4,14.535104096206643,False,False,True,399.3730057257227,11.309664712126192,-1,1500,422.06385329073794,170.23807916033465,11.569382026672363,16.214397430419922,2.0302729175821934,3.631701852676548,32.86024458199972
gap_navigation,6,106,4,19.168832511374376,False,True,False,10.386152805005203,10.505735696670966,-1,169,9.007677584157301,16.843855399388733,11.701911909340401,12.906623840332031,2.0144441785191636,0.010544342936100959,3.6739763429941377
gap_navigation,7,107,4,5.911183132500316,False,False,True,230.31157927264468,5.897383623986614,-1,1500,283.40892222378784,93.54752570292852,11.3567625096639,16.16999053955078,1.5615596657816562,2.573938645431643,32.08734831100446
gap_navigation,8,108,4,15.799958993505447,False,True,False,8.898214334989738,8.99129265939295,-1,151,7.903075413349916,13.832859688173565,11.852980133713476,12.823677062988281,2.0435850355640937,0.015939580377686946,3.3624996270009433
gap_navigation,9,109,4,10.998956048323423,False,False,True,251.29219921348448,10.998956048323423,-1,1500,335.1074967878536,132.65833412224723,12.26259692255656,16.210479736328125,2.911495377655028,4.883686793724298,32.94822951099923
gap_navigation,10,110,4,4.364173206425015,False,False,True,339.9137918301497,1.3473591881893714,-1,1500,351.5543824146164,143.07667668093336,9.35959677664439,16.07790756225586,2.325443958829244,0.363085367986535,33.25691015100165
gap_navigation,11,111,4,12.050859529736794,False,False,True,409.4434001869778,12.050859529736794,-1,1500,417.38009832862406,143.27878200567005,12.363923372586568,16.204164505004883,3.0369963905461628,5.095723576846447,32.57356391000212
gap_navigation,12,112,4,21.437757066401055,False,False,True,305.2445639793774,15.446630025694741,-1,1500,370.6898913426578,146.7057806070398,11.153339014371236,16.220108032226562,1.642608907788594,3.4250940171423783,32.24156307900557
gap_navigation,13,113,4,9.311454653618318,False,False,True,116.83874494386122,9.311454653618318,-1,1500,203.85596515154523,82.81099929840383,11.585634096145629,16.204317092895508,1.7848063830820713,4.140089098419417,31.690759907003667
gap_navigation,14,114,4,12.688953957699683,False,False,True,135.35823961673816,4.70410949452179,-1,1500,340.68259058834906,88.69661790502784,10.993537062962849,16.040237426757812,1.1886090063730868,0.2739541855523543,31.797486089002632
gap_navigation,15,115,4,5.377611787159318,False,False,True,532.5302674695699,5.365035646170819,-1,1500,531.1786759785261,190.97072472370664,12.376677973429363,16.217966079711914,3.3124590862528476,2.1110389851414992,31.871254027995747
gap_navigation,16,116,4,15.765666681480898,False,True,False,8.7773628304969,8.880600108819602,-1,176,7.3433789171579305,13.998198648620138,12.420490741729736,16.186019897460938,2.6139622272144654,0.0364208563677092,3.95503818999714
gap_navigation,17,117,4,6.766240795344041,False,False,True,140.0409302457021,6.743063846295628,-1,1500,253.43889155858002,79.52466214657069,11.453632703463237,16.223812103271484,1.9059858009719843,2.935332041906022,31.9221418599991
gap_navigation,18,118,4,19.47305118319813,False,False,True,270.59074718731136,13.900774227400838,-1,1500,321.2530413721079,123.75602623242509,10.405975831349691,15.528436660766602,1.3249180406697585,5.67382594136721,33.75526650000393
gap_navigation,19,119,4,12.0868610198058,False,False,True,503.0870078938846,12.0868610198058,-1,1500,508.246255205986,187.34815904758037,12.345898985862732,16.236804962158203,3.3408682974624626,5.36026573498345,31.774972822000564
cluttered,0,120,8,16.965342344952813,False,False,True,159.62290894890805,2.456245089443678,-1,1500,325.80414583991535,62.86625189754699,10.769948966026305,15.176681518554688,1.2093969477717077,1.0287724193100525,31.557491712999763
cluttered,1,121,8,6.830455433873858,False,True,False,6.138929941540382,6.139991007400382,-1,143,1.5725652002727921,6.480735745229973,10.035162518908093,10.950675010681152,0.25591757020750205,0.012800722599116021,3.0926560510051786
cluttered,2,122,8,8.980672480953007,False,False,True,164.51378884654832,5.472555934705099,-1,1500,272.3754745553107,70.73322381625891,10.752641821225485,15.877477645874023,1.30624006837209,0.6073711140627482,31.680713719004416
cluttered,3,123,8,9.601668782630101,False,False,True,313.6515167809135,9.601661792555017,-1,1500,318.7349036269991,111.42156905390557,13.120847384134928,16.21590805053711,3.462913509877522,3.516777896066508,32.633177367002645
cluttered,4,124,8,3.754556207642816,False,False,True,247.14234482245226,0.5059527687540479,105,1500,362.32974344458563,114.9157285702499,12.272694975535074,16.21413803100586,2.5579253863525384,2.4063590525383174,31.463362809998216
cluttered,5,125,8,11.165766241688772,False,False,True,152.85933794733288,8.153876297350283,-1,1500,275.45521073534337,49.99113478744928,11.976971926689147,16.21994400024414,2.4443069117101026,1.8433851594662114,31.52912065399869
cluttered,6,126,8,16.942980040021446,False,True,False,20.62881274019325,16.085839417632098,-1,217,17.71471637427616,17.01553866419614,12.908555641701694,16.233762741088867,3.1079850199475265,0.030442465280006492,4.733822392001457
cluttered,7,127,8,14.787826605372537,False,True,False,7.3475685253845135,1.0957017332940249,-1,521,37.436424750289916,10.01655555927071,11.85556379343864,13.183806419372559,2.0482305260217113,0.013874565990287246,11.221814450997044
cluttered,8,128,8,4.713799705613488,False,False,True,216.2706236877047,1.9190280707527692,-1,1500,332.75591225608173,131.45195432916879,11.228899435043335,16.078197479248047,1.421144706192016,0.36196969418956626,32.307880241998646
cluttered,9,129,8,16.707219090703585,False,False,True,223.87884668531166,2.9322750826806185,-1,1500,274.1364388024549,69.83939072240914,11.260365919113159,16.08660125732422,1.452429499994913,0.09408775970384109,31.663124172999233
cluttered,10,130,8,7.210146403392163,False,True,False,6.050105485085564,5.892126386665356,-1,144,5.377138684862474,6.699712102887212,11.10942194196913,12.545795440673828,1.307468543052673,0.06570234136226683,3.1078349989984417
cluttered,11,131,8,9.325789500444456,False,False,True,178.0300786607801,9.325789500444456,-1,1500,290.1497954059056,90.95089125978147,11.513303959528605,16.13467025756836,2.053013127415974,1.2157050678837442,31.65912944199954
cluttered,12,132,8,12.151446215207,False,False,True,278.9012276279031,2.5528218466362,-1,1500,325.1292943630667,89.33184870196158,12.832069286346435,16.198461532592773,3.022873943227131,1.9511342222560193,31.418429333003587
cluttered,13,133,8,12.3525931178966,False,True,False,10.885430965340339,10.937387332750282,-1,82,1.5395821027111587,12.000003808901074,11.356065284915086,12.3001127243042,1.5760765838623043,0.02993902652227154,1.789582606004842
cluttered,14,134,8,10.121579421919597,False,False,True,351.27091040559185,0.6677110495830384,176,1500,380.60311345675143,158.61116472431937,11.39846185652415,16.23265838623047,2.3815225797653192,0.12361003994612774,30.871585978005896
cluttered,15,135,8,15.788983888689598,False,False,True,269.17506321520614,15.788955926382904,-1,1500,290.8326687845678,90.7867868025561,12.043260400136312,16.176136016845703,2.246863092346191,0.6986994277221008,32.0285806949978
cluttered,16,136,8,6.033181218335855,False,False,True,450.27615453503586,5.948902622891555,-1,1500,456.4705147097345,173.1136937406184,11.077804133097331,16.224143981933594,2.5428390794881177,1.6525328699948911,30.381160106000607
cluttered,17,137,8,11.111335761472366,False,False,True,236.9151012011928,0.6072502509106946,225,1500,292.38553860368177,120.04902603511414,10.904377590815226,16.16536521911621,1.222319105860392,0.16070798070902037,30.537153663004574
cluttered,18,138,8,3.0703666549771724,False,False,True,144.07215721695462,3.0703666549771724,-1,1500,236.83073361047752,96.95497952968022,11.432007548332214,16.226985931396484,1.66611860894521,1.147870289247222,27.209452212999167
cluttered,19,139,8,11.481628662324061,False,False,True,267.10351469380146,11.481628662324061,-1,1500,291.6998513474467,120.89913370909142,11.936523773829142,16.225513458251953,2.132253624547322,0.7454803567873681,25.778312529997493
close_range,0,140,2,3.446372269760437,True,False,False,0.49382859674996926,0.6647884365596198,772,774,70.8653648815604,18.30588658964906,12.14564014035602,16.194622039794922,2.337657976421582,0.9381430605489536,13.189861357001064
close_range,1,141,2,3.3623146352311686,False,False,True,149.97625243728038,1.7214802037666825,-1,1500,197.44180863960963,93.35547746277554,10.835794807434082,12.512935638427734,1.2520958242797846,8.091712311243922,25.736179651001294
close_range,2,142,2,3.507605187138413,False,False,True,158.02533750976903,3.5073793848384014,-1,1500,246.31752099207444,48.042888094748875,11.494048615773519,16.188215255737305,1.6974631172688792,1.6580950860794896,25.853644133996568
close_range,3,143,2,4.308594515412972,False,False,True,315.17175252547383,1.2154996214303095,-1,1500,338.65250796350585,137.35181907345526,11.400541630427043,16.194568634033203,1.7715811880238843,5.4158077219504275,25.59594053500041
close_range,4,144,2,3.1842428251578165,False,False,True,341.3735044741112,2.656248685167276,-1,1500,367.8260113652336,130.8802442866049,11.17220696703593,16.217260360717773,2.152368587875366,2.539142050856361,26.43002337800135
close_range,5,145,2,3.418780256418401,False,False,True,361.49811404135795,1.0919111051746804,-1,1500,384.17160811995564,137.12663931260047,11.516109993298848,16.21399688720703,1.9809002316157014,0.23035005324042968,26.935224781002034
close_range,6,146,2,3.67880647232726,False,False,True,417.2740663700863,1.0280349571136218,-1,1500,435.2056968551828,163.2038578297585,11.261265130678813,16.247695922851562,1.790469725990295,4.289786743162831,25.691381429001922
close_range,7,147,2,4.100221712091143,False,False,True,278.7311481414623,3.7472787341339466,-1,1500,367.3993117972956,138.8562898679288,11.86993354479472,16.190258026123047,2.065971752497355,8.396811125793965,25.804073028004495
close_range,8,148,2,4.340954979980935,False,False,True,209.87685680785864,4.276429934480204,-1,1500,268.36035635248936,73.02722846762667,12.107801021575927,16.19904899597168,2.298740203043619,7.501294349988514,25.9136352140049
close_range,9,149,2,4.4769039321118616,False,True,False,8.033245986998908,4.47678897379966,-1,152,7.03749698808127,5.4431442589653765,11.357871005409642,14.246905326843262,1.5577436276486039,0.06793276260605896,2.77695230399695
close_range,10,150,2,3.6686499185488426,False,True,False,11.985886995755372,3.081834761019611,-1,192,13.549178686942824,4.9194022361139025,12.749059945344925,16.242326736450195,2.9942340934276572,0.08965778015775405,3.325583571997413
close_range,11,151,2,4.379021433330456,False,False,True,55.02490949693012,2.598748982862247,-1,1500,276.35556040004394,54.338956816655894,12.434439295450847,16.23882293701172,2.625420599212646,1.188268956070655,27.15975019799953
close_range,12,152,2,4.077198422542922,False,False,True,255.74650907832554,3.2512776859582995,-1,1500,272.44263695302527,104.4528259171046,11.499822755177815,16.202518463134766,2.0729897468058263,10.704891021693227,26.00515309200273
close_range,13,153,2,4.89980785966717,False,False,True,367.4256008861238,4.8929666679730826,-1,1500,381.9241910255398,127.60305382008548,12.514413427035015,16.169536590576172,3.0230296285374947,9.85752913946474,25.76842944699456
close_range,14,154,2,3.398556091183673,False,False,True,312.78484941298547,3.397959358782871,-1,1500,323.0193939929831,145.53758743185514,13.02400492286682,16.208740234375,3.2459777087656647,4.0612508172647335,25.811136782001995
close_range,15,155,2,4.287077616588229,False,False,True,144.11410877399027,0.9824046148284233,138,1500,215.19263871393574,56.059328888086924,12.523718339920045,16.24493408203125,2.7208413264719638,1.8125262855424298,25.77309381699888
close_range,16,156,2,3.1466101520447167,False,False,True,220.44290669646531,2.918454917453926,-1,1500,233.3423544742742,75.91225861119854,10.604432592074076,16.153541564941406,1.4035484109369911,11.006075786947553,25.62791459300206
close_range,17,157,2,3.3914197581068137,False,False,True,163.28380132242071,3.3911239721738107,-1,1500,184.36503342054374,90.47958341026116,10.498968898455303,13.667655944824219,1.4287869029362992,1.049896230269436,25.66462216200307
close_range,18,158,2,4.189240790553532,False,False,True,160.52407701963313,2.8711364290691885,-1,1500,215.59679970366926,102.7469392578633,11.783533941904704,16.1917724609375,1.9738423623148595,2.7191018679968995,25.471473282996158
close_range,19,159,2,3.5794716830299764,False,False,True,220.92185065730965,1.3208222952518391,-1,1500,291.24241143839606,105.10380384690838,12.404210877736409,16.200532913208008,2.598011815490722,4.086624874774969,25.96192743499705
long_range,0,160,4,13.959093812869888,False,False,True,344.12503596327787,13.505240038610813,-1,1500,345.68806729341895,147.636512411329,10.066578415552774,16.077617645263672,1.6465137455495193,5.294817120916594,25.62394622300053
long_range,1,161,4,13.897866883319349,False,False,True,343.37100739562294,1.0903453430443644,-1,1500,389.9547945807342,147.11057731294397,11.405984149932861,16.208080291748047,1.9364895052591953,1.3244855265874165,25.757083262993547
long_range,2,162,4,16.312012685807638,False,False,True,63.08518097124801,9.123133156284442,-1,1500,228.05186856123925,47.19901844284408,12.551372818628947,16.206130981445312,2.744294602279662,6.407084480631537,25.635567964993243
long_range,3,163,4,16.141910196208574,False,False,True,244.28532018929644,14.168085824570316,-1,1500,330.93934338595625,144.4211805764075,11.967196533838909,16.193544387817383,2.179334931767781,5.575883458536724,25.65453289799916
long_range,4,164,4,15.918937899137426,False,False,True,450.2584356146258,15.918937899137426,-1,1500,452.8077410985268,193.69936536000165,12.493659560839335,16.23536491394043,3.03704558315277,8.166326819634673,26.60635518899653
long_range,5,165,4,17.04929027587649,False,False,True,256.4841054037373,17.04929027587649,-1,1500,285.1345220014181,98.29302734017826,10.919290762583415,16.154245376586914,1.830329058685302,9.759304823965458,26.07541375599976
long_range,6,166,4,14.584024459227878,False,False,True,42.424834642679706,12.788298099960588,-1,1500,289.27383524846215,74.58639383829993,11.873137386957804,16.212398529052734,2.063137386957804,0.5022943015243819,25.75892635800119
long_range,7,167,4,13.47461756645865,False,False,True,114.21045876844623,7.7244981240632775,-1,1500,260.91219308669554,41.17624672075425,12.271582615534465,16.202693939208984,2.4703654098765044,0.20600995427651636,26.195540450004046
long_range,8,168,4,16.64169964800316,False,False,True,279.07160681207944,10.32690999713908,-1,1500,349.40111470917,101.40021108733923,11.486084307988484,16.193912506103516,2.278956838506062,5.152071626272134,25.606369665001694
long_range,9,169,4,15.502249118408251,False,False,True,170.72589152937414,8.607784799079319,-1,1500,240.59574979954184,48.013636564930124,11.55577358118693,16.156627655029297,1.7560917568461094,1.3681078263027442,26.397196370999154
long_range,10,170,4,14.981615937736878,False,False,True,416.57987761206397,10.609786433774584,-1,1500,435.18494928807354,168.86134913097536,11.482691532770792,16.229124069213867,2.2976263827768957,5.085421073177846,25.619021781996707
long_range,11,171,4,13.129703969110365,False,False,True,459.7940315100567,5.286907357769777,-1,1500,478.0857242312984,174.72870590584478,12.185675602595012,16.299240112304688,3.0138507020314527,0.7851958850220591,26.070506891999685
long_range,12,172,4,14.893449727446535,False,False,True,144.97617168201418,11.934591691597227,-1,1500,272.4496102824007,95.84160960430326,12.351256360054016,16.251195907592773,2.705638551088968,2.1547943266368836,25.840942201997677
long_range,13,173,4,12.271452807327252,False,True,False,11.067853456221274,11.110409906265941,-1,80,1.484677923246129,11.978508718164074,10.897960078716277,12.080001831054688,1.0922593646049497,0.011585957955820736,1.4263804549991619
long_range,14,174,4,17.322456677108043,False,False,True,363.3043967882746,3.4053533546095642,-1,1500,401.7136793376137,142.11667748772618,11.18477906513214,16.142993927001953,1.6982580934270222,7.286771616394242,26.64703816200199
long_range,15,175,4,13.746332195964625,False,False,True,329.134117978499,10.499677236600176,-1,1500,352.02953032419714,136.20553355359237,10.101032168070475,16.07803726196289,1.8415047580464678,3.9910491732234536,25.689058343996294
long_range,16,176,4,14.426855072880512,False,False,True,364.45168008040696,14.426855072880512,-1,1500,365.3981798410601,154.47358406717052,11.725623133977255,16.23550033569336,1.9313432467397045,3.503775545851232,25.756579332999536
long_range,17,177,4,14.797376929130952,False,False,True,425.99109011017117,14.797376929130952,-1,1500,452.1972849886161,157.99862596091663,11.543551090240479,16.214214324951172,1.9608823251342768,0.4202589538080449,25.978144148000865
long_range,18,178,4,16.827507789925107,False,True,False,14.38386041205284,14.42561093080804,-1,137,5.351976632914424,16.103961304229202,11.161935590479496,12.4335355758667,1.376671402924252,0.0871330258875801,2.5644168650032952
long_range,19,179,4,16.26523104732458,False,False,True,512.6854903464182,15.536291286300939,-1,1500,520.2198797312423,190.2109930979912,12.654220252037048,16.235992431640625,3.1308600701268503,9.581443523561333,25.76499092800077
urban_mixed,0,180,5,9.217637382544794,False,False,True,311.3911515502126,9.124438997753588,-1,1500,326.8396516336673,136.5512565418977,11.349986080169678,16.17993927001953,1.597312828674316,2.7924631991081426,26.36238790999778
urban_mixed,1,181,5,6.744767667007509,False,False,True,138.16403574289427,1.4444171752521846,-1,1500,328.7389111629644,106.7938020741813,11.728186732610066,16.077999114990234,1.9868005175526928,2.6668345749013374,26.25398632499855
urban_mixed,2,182,5,6.19591018096398,False,False,True,306.65296467400896,6.186822713675107,-1,1500,338.6645211677063,131.19657611092825,11.580515991210937,16.23126220703125,2.1749810818990065,9.488065879443642,26.16512635500112
urban_mixed,3,183,5,17.276825986733844,False,False,True,201.70016300721693,17.276825986733844,-1,1500,270.9021775464739,74.43158806046458,11.723310359954834,16.244972229003906,1.9949637320963531,3.187227259835489,26.60033501599537
urban_mixed,4,184,5,17.451925900206664,False,True,False,5.522416280420659,5.637240690669778,-1,213,14.647004433676383,14.004058311313015,11.742353313965417,14.81436538696289,1.942956037566135,0.10974714690824405,4.082533531000081
urban_mixed,5,185,5,4.152730400640766,False,False,True,209.76046850875693,1.9229560924099844,-1,1500,253.75461949954962,88.96365014866906,11.912830704689027,16.197145462036133,2.4668205860010777,1.5802357255128772,26.208164796000347
urban_mixed,6,186,5,6.726601225099459,False,False,True,402.2001634408615,2.227807667839771,-1,1500,414.75931366731254,144.50181143063466,12.509250923792521,16.224872589111328,2.796886535873412,3.5092089849485535,26.11601318099565
urban_mixed,7,187,5,5.10025192264917,True,False,False,0.45544349534095113,0.5357515865047333,134,140,4.812833803441134,3.8787314402775954,11.998259646551949,16.205596923828125,2.2038333922794884,4.525248440694275,2.7123990159961977
urban_mixed,8,188,5,14.981250463905745,False,True,False,4.800649664044399,4.823034649154856,-1,209,12.839690485517046,11.538141900262165,12.647182450910504,16.181655883789062,2.838810675771612,0.06603882643856052,3.8151228560018353
urban_mixed,9,189,5,13.742740427507536,False,False,True,304.16700104099533,13.6614491417098,-1,1500,333.9436891142646,134.06439301774677,11.98386021677653,16.211910247802734,2.369233735198974,2.1784508233677276,26.065902385998925
urban_mixed,10,190,5,14.643917243302122,False,False,True,165.50466159907137,14.174251491589416,-1,1500,238.77158907503656,60.911866183896,11.465265858968099,16.225555419921875,1.7262500625610344,2.3577791010627145,26.89674566800386
urban_mixed,11,191,5,19.130985824995083,False,False,True,295.0115369448171,4.340101999130671,-1,1500,364.44029745657474,133.15402941108783,11.537652818997701,16.213848114013672,2.0131860187403356,0.3978148347255919,28.174536727994564
urban_mixed,12,192,5,16.53265684239148,False,False,True,235.32341928839975,7.763762280335754,-1,1500,301.6279234699956,115.93520238674999,11.043335156122843,16.116437911987305,1.561749297409057,2.486037511398542,26.315466078995087
urban_mixed,13,193,5,4.634370016040043,False,True,False,6.160118014953307,4.634370016040043,-1,82,1.5451473485359022,5.005387091648716,10.858775615692139,12.418539047241211,1.0487756156921382,0.00735104282952459,1.483466256999236
urban_mixed,14,194,5,14.282817690488441,False,True,False,11.250212711549448,11.284460477495577,-1,135,5.827623776576864,13.367803649960175,11.853444869429977,12.730396270751953,2.043444869429976,0.013522879159218126,2.363597022005706
urban_mixed,15,195,5,15.600668480782932,False,False,True,227.18102770712355,8.365361943280783,-1,1500,253.6019586796655,85.7463623565807,11.045484615643819,15.926071166992188,1.6967914632542922,3.0723278195492125,27.109638125002675
urban_mixed,16,196,5,10.645960762778689,False,False,True,122.14619737000454,9.264066592929842,-1,1500,265.89023590728675,101.02837769606082,11.577663818359374,16.185577392578125,1.7986418398030593,2.261943936712073,26.276073845998326
urban_mixed,17,197,5,5.063712400979248,False,False,True,56.36380479189161,5.063712400979248,-1,1500,269.1820425647303,69.00206535194587,12.078840949694316,16.22077178955078,2.3059765141932163,7.007715512927561,26.076375755998015
urban_mixed,18,198,5,15.092050925834856,False,False,True,315.2089903141384,5.010175036634989,-1,1500,384.59951445456494,133.33384034470592,12.143027125676474,16.203474044799805,2.3348879832204177,0.8457279865633023,26.20729688600113
urban_mixed,19,199,5,15.254813396634074,False,False,True,337.1048253117732,12.393801003357261,-1,1500,374.9099988974318,144.25092974509332,10.880192708969116,16.082576751708984,2.1444359346262614,2.7116117395868056,26.159573409000586
urban_dense,0,200,5,15.708441730833295,False,False,True,461.20578599154385,9.161516313562393,-1,1500,484.9111961559925,171.29210393050852,11.356292245229085,16.22458267211914,1.7913766085306797,1.4430030722508507,26.64450859000499
urban_dense,1,201,5,10.10862509520453,False,False,True,348.778688171259,1.652886568829967,-1,1500,365.5442698224093,135.57700443785262,10.100398067792257,16.078088760375977,1.9164339028294877,1.075041660803125,26.255996947998938
urban_dense,2,202,5,10.580278694795782,False,True,False,10.068482521357634,10.066961995347924,-1,120,3.5411738061591818,10.333341638623915,11.724102346102397,16.104732513427734,2.2286700334548946,0.03438546614241844,2.2057322090040543
urban_dense,3,203,5,14.05394088599097,False,True,False,6.076628135619287,6.151301500852964,-1,166,9.642117401870431,11.621501110134846,11.862537527658853,13.01464557647705,2.058956911247896,0.05257081903488281,2.959625393996248
urban_dense,4,204,5,11.860135096686744,False,True,False,12.430438680148987,11.171481961355033,-1,155,7.857203434200341,11.627219369499665,11.61617911554152,16.1181640625,1.8062033396074841,0.11153767576493578,2.7694892279978376
urban_dense,5,205,5,9.962166142014734,False,False,True,334.10636223428685,1.3593370737312191,-1,1500,354.1360673788871,137.7882577543972,11.158266805648804,16.157548904418945,1.6530137769826245,0.09693547230832333,27.200838133001525
urban_dense,6,206,5,3.0118044225232583,True,False,False,0.49566788030099257,0.5565205439699604,87,95,2.568133582451926,2.3604709677481446,11.220290956999126,12.708267211914062,1.4933235971551186,2.7991190222578384,1.7093831719976151
urban_dense,7,207,5,12.258855902918768,False,True,False,3.1357114114603344,3.258757390205352,-1,195,9.571339240819249,9.917677667670933,12.066192475343362,15.993793487548828,2.259448536995129,0.0445425024826438,3.4671624610055005
urban_dense,8,208,5,15.171352450837436,True,False,False,0.49142178064568304,0.5956437498830339,211,215,14.957383931502692,10.437526360179724,11.72870901240859,12.733965873718262,1.9234666467710975,2.6171089995589316,3.8180869310017442
urban_dense,9,209,5,13.99233321857142,False,True,False,15.314346742708182,10.223267753189443,-1,1064,151.92840350642427,38.778004058199784,12.551639460083237,16.232412338256836,2.7926942719911265,0.008260436541699612,18.816946670005564
urban_dense,10,210,5,6.282664341737846,False,True,False,7.44058264555714,1.1924442481767652,-1,205,13.708521739908164,4.485859265278516,11.737226165213237,12.726390838623047,1.9313341725047033,0.030786310825065666,3.742705874996318
urban_dense,11,211,5,7.114293872733036,False,False,True,460.73175609072496,4.406004566467726,-1,1500,473.5450005629192,167.25909936472567,11.305635343869527,16.20022964477539,1.955327418073018,3.260429486644994,26.57449027000257
urban_dense,12,212,5,9.993007606641722,False,True,False,9.369041698542896,9.291249975753251,-1,145,4.342046166089443,9.734572295709158,10.751085991695009,12.558969497680664,0.9483192533295727,0.07514152707909982,2.6823109699980705
urban_dense,13,213,5,7.904748552307231,False,False,True,206.09464873613283,6.987841399139433,-1,1500,342.82472877146745,120.49177042885418,11.923323128382364,16.129138946533203,2.113379350102742,1.0444222743663698,26.252442725002766
urban_dense,14,214,5,9.680267978943721,False,False,True,366.2667881577082,9.434706323745667,-1,1500,382.99330649589007,166.83621002070478,11.665701080640156,16.21733856201172,2.08389329161326,7.574542895846892,26.456978909998725
urban_dense,15,215,5,16.216635075547675,False,False,True,162.9550777930297,16.216635075547675,-1,1500,208.73012491488518,71.71255092710783,11.719554228782654,16.145477294921875,1.92727450738271,2.2000178894739086,27.487476626003627
urban_dense,16,216,5,11.678387438919636,False,False,True,370.34203298061794,2.239264062976777,-1,1500,394.23900134032004,152.3286406349167,10.777533323287964,16.20792579650879,2.4801743814849853,1.2919940530934193,27.84393438600091
urban_dense,17,217,5,10.95219927152815,False,False,True,247.86356722174907,6.403247335463193,-1,1500,370.68416486719354,65.53724985379583,11.506887078921,16.136913299560547,2.0218385978062945,0.7989391756604993,26.17367613699753
urban_dense,18,218,5,3.7139391839106195,False,True,False,9.443646129992084,0.6552322197820506,109,198,13.091014089500193,3.5200775007123264,11.718116635023945,12.765148162841797,1.9616031662141424,0.023745445572808777,3.765277001002687
urban_dense,19,219,5,14.100793081975828,False,True,False,15.247389883133533,14.100793081975828,-1,113,3.7630483509049815,14.416984816744236,11.265837298030347,15.92914867401123,1.4584673596272422,0.018331590667392206,1.9527347909970558
urban_corridor,0,220,6,14.734181783605026,False,False,True,295.2153520445954,14.727737468173594,-1,1500,299.5615370938258,106.72392765057681,11.899971577326456,16.224119186401367,2.1034552383677156,3.1796958407060556,26.569012464999105
urban_corridor,1,221,6,12.11467780296336,False,False,True,98.98969233962204,11.397979156104563,-1,1500,238.91974403640998,71.07697812726482,11.414550518671671,16.136844635009766,1.6112590386199945,2.267762358401783,26.740166281997517
urban_corridor,2,222,6,7.629701659277088,False,True,False,5.7238962726647,5.751208708963145,-1,127,4.047576456142539,7.109254346744008,11.607262070723406,16.226768493652344,1.8111424979262458,0.008846566588054383,2.2537884920020588
urban_corridor,3,223,6,4.659075635688297,False,True,False,2.538034891726976,2.54990534437218,-1,115,3.681045171528484,3.9824284276168216,11.401311874389648,12.785633087158203,1.5913118743896477,0.08162646449258212,2.1814916980001726
urban_corridor,4,224,6,3.2281459037150118,False,True,False,2.3970847891070273,2.384120450130681,-1,109,2.5760532449707627,2.9261741899581417,11.546110170696853,15.985466003417969,1.7386801588425935,0.01934796582673659,2.1969718800028204
urban_corridor,5,225,6,8.896745024969784,False,False,True,224.33838571187485,8.896745024969784,-1,1500,265.8821197372006,99.14834709662055,12.022091972986857,16.223304748535156,2.2121235949961338,2.3997287552211786,26.715787556000578
urban_corridor,6,226,6,6.135355495549041,False,True,False,3.2538827773633887,3.280988941327713,-1,130,4.842920659661677,5.2696534426223565,11.11076520039485,15.872965812683105,1.4242637789799613,0.0387925965989675,2.349496980998083
urban_corridor,7,227,6,6.890393192962268,False,True,False,3.4458843578090037,3.4813380553345272,-1,125,5.1172073755489675,5.8470089500997,11.766192039489747,12.970052719116211,1.9582922610473625,0.07697715748772893,2.7313385469969944
urban_corridor,8,228,6,4.651672728141156,False,True,False,4.611779521009819,4.382962849573569,-1,100,2.7710770347553737,4.517642226204247,11.511835670471191,12.859498977661133,1.7018356704711908,0.015068459410998214,2.192299873000593
urban_corridor,9,229,6,21.37759578298322,False,False,True,208.4988346074927,16.808437831392506,-1,1500,307.79752295475816,123.13501964095883,11.984909205754597,16.189573287963867,2.17498188351949,1.1327632227645401,45.02185492100398
urban_corridor,10,230,6,20.47173551827672,False,False,True,189.72949653696833,13.638364999141563,-1,1500,231.7208600192369,91.14147242785229,11.57266817410787,16.20736312866211,1.7784622394053133,0.13744022380109333,45.50992089299689
urban_corridor,11,231,6,12.133444708010863,False,False,True,139.2560028583062,9.996079218720938,-1,1500,236.90761012524322,75.9401848782267,11.652857271830241,16.197193145751953,1.8428572718302403,0.1955506583017792,45.720723472004465
urban_corridor,12,232,6,7.984527549422169,False,True,False,7.189103543448189,7.201384840078376,-1,109,3.137569091876757,7.789286312049912,10.815671299575666,12.03439998626709,1.0313355391616117,0.00324781494406734,3.46064164499694
urban_corridor,13,233,6,3.220268675047443,False,True,False,3.435109480455795,3.1465046717812344,-1,92,1.8307478377196564,3.2099251281913173,10.844496384910915,12.330721855163574,1.0464392442288601,0.042451025909764795,2.789854105001723
urban_corridor,14,234,6,10.808062893088689,False,True,False,3.718444264617727,3.80661871110892,-1,153,7.8102311798259105,8.804677436639324,11.80734312768076,13.308428764343262,2.0028145838718783,0.03781181604296213,5.160654521998367
urban_corridor,15,235,6,8.671726647277929,False,False,True,233.72145330096285,1.707600628927786,-1,1500,362.9940995341307,121.72870002273707,11.525957363764444,16.15264129638672,1.7833192338307695,0.9878879626389527,45.31992048500251
urban_corridor,16,236,6,8.594996744008588,False,False,True,203.43974534924843,8.403744956297974,-1,1500,231.47270815043638,95.22973678044421,11.08662908744812,16.217220306396484,1.4699450258636468,1.2299733141783828,45.5339996900002
urban_corridor,17,237,6,15.123907959584358,False,True,False,12.762229008201462,12.820273035880104,-1,168,4.617548160149865,14.729456321157736,11.156770382608686,14.831521987915039,1.4437324521655122,0.022610818443157044,5.083484561997466
urban_corridor,18,238,6,12.01938697495216,False,True,False,10.655105195811021,10.777639333489752,-1,801,91.00490280955006,27.743546512244563,12.596572168757406,16.212678909301758,2.8230449938446687,0.12131923612337547,24.202923290999024
urban_corridor,19,239,6,14.369637655478614,False,True,False,4.336185822301499,4.369070207190193,-1,213,11.290049110653342,11.10185566624469,11.00608288850023,13.367220878601074,1.23092186636768,0.06814549346035537,6.742458398999588
